prefecture,name,page,app_id
北海道,月と太陽BREWING,12,
北海道,TRANS BREWING,13,
北海道,TAISETSU BEER,13,
北海道,NORTH ISLAND BEER,14,
北海道,NAKAFURANO BREWERY,14,
北海道,しもかわ森のブルワリー,15,
北海道,LUPICIA BREWERY,15,
青森県,蛍火醸造（Keika Brewing）,16,
青森県,OIRASE Brewery,16,
岩手県,さくらブルワリー,17,
岩手県,いわて蔵ビール,17,
岩手県,遠野麦酒ZUMONA,18,
岩手県,ヘリオス酒造 沢内醸造所,18,
宮城県,ISHINOMAKI HOP WORKS,19,
宮城県,利久 希望の丘醸造所,19,
秋田県,秋田あくらビール,20,
秋田県,HOPDOG BREWING,20,
秋田県,湖畔の杜ビール,21,
秋田県,羽後麦酒,21,
山形県,Brewlab.108（ブリューラボ・トウハチ）,22,
山形県,湯坊いちらく TENDO SPA & BREWERY,22,
福島県,ホップガーデンブルワリー,23,
福島県,ハイランドポート ブルワリー,23,
茨城県,MitoBrewing 大工町醸造所,24,
茨城県,Gold Garden Brewery,24,
茨城県,麦と葡萄 牛久醸造場,25,
茨城県,Twin Peaks Mountain Brewing,25,
茨城県,つくばブルワリー,26,
茨城県,木内酒造 額田醸造所,26,
茨城県,さかい河岸ブルワリー,27,
栃木県,栃木マイクロブルワリー,27,
栃木県,うしとらブルワリー,28,
栃木県,那須高原ビール,28,
群馬県,テングビール,29,
群馬県,クラフトエール チギラ,29,
埼玉県,AQUWA brew works,30,
埼玉県,「団地キッチン」田島,30,
埼玉県,GROW BREW HOUSE,31,
埼玉県,ぬとりブルーイング,31,
埼玉県,星野製作所（麦）,32,
埼玉県,コエドブルワリー,32,coedo
埼玉県,koko brew TOKYO,33,
埼玉県,NOMENDO BREW STAND,33,
埼玉県,新座クラフト,34,
埼玉県,Teenage Brewing,34,
千葉県,千葉稲毛ビール,35,
千葉県,銚子ビール,35,
千葉県,ロコビア,36,
千葉県,柏 こまいぬブルワリー,36,
千葉県,BEER BRAIN BREWERY,37,
千葉県,RIO BREWING & CO.,37,
千葉県,THRILLER BEACH BREWERY,38,
千葉県,ハーヴェスト・ムーン,38,
千葉県,小江戸佐原ビール,39,
千葉県,Rusty Nest Brewery,39,
千葉県,海岸醸造,40,
東京都,TOKYO BLUES（石川酒造）ほか,40,ishikawa
東京都,2杯目のビール。,41,
東京都,カンパイ！ブルーイング,41,
東京都,Miyata Beer,42,
東京都,両国麦酒研究所,42,popeye
東京都,ティー・ワイ・ハーバー ブルワリー,43,tyharbor
東京都,ふたこビール,43,futako
東京都,SPRING VALLEY BREWERY,44,svb
東京都,Y.Y.G. BREWERY,44,
東京都,ビール工房 新宿,45,
東京都,CYCAD Brewing,45,
東京都,NAMACHAん Brewing,46,
東京都,Let's Beer Works,46,
東京都,AOZORA BREWING,47,
東京都,OGA BREWING,47,
東京都,イサナブルーイング,48,isana
東京都,和泉ブルワリー／BEER CELLAR TOKYO,48,
東京都,籠屋ブルワリー,49,kagoya
東京都,Distant Shores Brewing,49,
神奈川県,Yellow Monkey Brewing,50,
神奈川県,TDM 1874 Brewery,50,
神奈川県,南横浜ビール研究所,51,
神奈川県,横浜ビール,51,yokohama
神奈川県,REVO BREWING,52,
神奈川県,Roto Brewery,52,
神奈川県,カギヤ醸造所,53,
神奈川県,東海道BEER川崎宿工場,53,
神奈川県,みぞのくち醸造所,54,
神奈川県,ペコラビール,54,
神奈川県,WHITE DOG BREWING,55,
神奈川県,横須賀ビール,55,
神奈川県,鎌倉ビール,56,
神奈川県,箱根ビール,56,
神奈川県,湘南ビール,57,
神奈川県,三浦ブルワリー,57,
神奈川県,黄金井酒造（さがみビール）,58,
神奈川県,サンクトガーレン,58,sankt
神奈川県,Better life with upcycle,59,
神奈川県,Brewstars Yacht Club,59,
新潟県,エチゴビール,60,
新潟県,妻有ビール,60,
新潟県,妙高高原アルペンブリックビール,61,
新潟県,Gangi Brewing,61,
新潟県,瓢湖屋敷の杜ブルワリー スワンレイクビール醸造所,62,
新潟県,胎内高原ビール園,62,
富山県,NAT.BREW,63,
福井県,OUR BREWING,63,
山梨県,Outsider Brewing,64,
山梨県,BRIGHT BLUE BREWING,64,
山梨県,八ヶ岳ブルワリー,65,
山梨県,Nori's Beer,65,
山梨県,富士桜高原麦酒,66,
山梨県,Far Yeast Brewing,66,faryeast
長野県,NAGANO BREWERY,67,
長野県,長野みなみ風ビール,67,
長野県,Mallika Brewing,68,
長野県,MATSUMOTO GAKU都 BREWING,68,
長野県,松本ブルワリー,69,
長野県,ペッカリービール,69,
長野県,北アルプスブルワリー,70,
長野県,ヤッホーブルーイング,70,
長野県,オラホビール,71,
長野県,FARM&CIDERY KANESHIGE,71,
長野県,AJB Co.,72,
長野県,YUDANAKA BREWERY COMPLEX U,72,
長野県,ムギクラブルーイング,73,
長野県,南信州ビール 駒ヶ岳醸造所,73,
長野県,HAKUBA CRAFT,74,
岐阜県,郡上八幡麦酒こぼこぼ,74,
静岡県,GARCIA BREWING,75,
静岡県,HORSEHEAD LABS,75,
静岡県,沼津クラフト,76,
静岡県,マスターズブリューイング 沼津駅前醸造所,76,
静岡県,REPUBREW,77,
静岡県,時之栖富士,77,
静岡県,カケガワビール,78,
静岡県,御殿場高原ビール,78,
静岡県,ベアードブルーイング,79,
愛知県,およろこBrewery,79,
愛知県,BREWPUB ŌZONE,80,
愛知県,みゃーブリュー,80,
愛知県,FIVE VISION BREWERY,81,
愛知県,岡崎ビール,81,
愛知県,尾州ブルーイング,82,
愛知県,バタフライブルワリー,82,
愛知県,KARIYA 75 BREWING,83,
愛知県,安城デンビール,83,
愛知県,High Life Brewing,84,
三重県,ISEKADO,84,
三重県,なばなの里 長島ビール園,85,
滋賀県,DIAMOND BREWERY,85,
京都府,黄桜京都麦酒,86,
京都府,京都・一乗寺ブリュワリー,86,
京都府,KYOTO NUDE BREWERY,87,
京都府,家守酒造,87,
京都府,ALDEA YAMASHIRO BEERS,88,
京都府,ASOBI BEER,88,
大阪府,CRAFT BEER BASE,89,
大阪府,funs brewing,89,
大阪府,ONE's BREWERY,90,
大阪府,瓢箪山ビール,90,
兵庫県,コガネブリュワリー,91,
兵庫県,KONISHIビール,91,
奈良県,大和醸造 志摩醸造,92,
奈良県,CHORYO Craft Beer,92,
和歌山県,WAKAYAMA BREWERY,93,
和歌山県,平和クラフト（平和酒造）,93,
和歌山県,NOMCRAFT,94,
鳥取県,大山Gビール,94,
島根県,松江ビアへるん,95,
島根県,高津川リバービア,95,
島根県,石見麦酒,96,
岡山県,KawazuBrewing,96,
岡山県,独歩ビール（宮下酒造）,97,
広島県,Session's Brewery Hiroshima,97,
広島県,TAROS BREWING,98,
広島県,HIROSHIMA NEIGHBORLY BREWING,98,
広島県,尾道ブルワリー,99,
広島県,備後福山ブルーイングカレッジ,99,
山口県,Dr.KONG BREWING,100,
徳島県,JouZo BEER BASE,100,
徳島県,RISE & WIN Brewing Co.,101,
香川県,王越麦酒,101,
愛媛県,gogoshima beer farm,102,
愛媛県,DD4D BREWING,102,
愛媛県,道後ビール,103,
愛媛県,麦宿 伝 GUEST HOUSE BREW,103,
愛媛県,今治街中麦酒,104,
愛媛県,Niihama Beverage,104,
愛媛県,GROUNDTAP BREWERY,105,
愛媛県,臥龍醸造 GARYU BREWING,105,
高知県,SOUTH HORIZON BREWING,106,
福岡県,MOJIKO BEER,106,
福岡県,糸島ハローブルワリー,107,
佐賀県,佐賀アームストロング醸造所,107,
長崎県,ISLAND BREWERY,108,
長崎県,VATTEN BREWING,108,
熊本県,BREWING100,109,
宮崎県,宮崎ひでじビール,109,
鹿児島県,HIFUMIYO BREWING,110,
鹿児島県,霧島高原ビール,110,
鹿児島県,AMAMI BREWERY（奄美麦酒醸造所）,111,
鹿児島県,Honey Forest Brewing,111,
沖縄県,ウォルフブロイ,112,
沖縄県,MAHOWBREW,112,
沖縄県,FILL BREWING,113,
沖縄県,南都酒造所,113,
